Class,"_defaultColorIndex","id",Model,PA
"Class 0","15","mamba_unet_def_sufl_4","mamba_unet_def_sufl_4","0.9433421492576599"
"Class 1","15","mamba_unet_def_sufl_4","mamba_unet_def_sufl_4","0.6638641953468323"
"Class 2","15","mamba_unet_def_sufl_4","mamba_unet_def_sufl_4","0.8704679012298584"
"Class 3","15","mamba_unet_def_sufl_4","mamba_unet_def_sufl_4","0.3250912129878998"
"Class 4","15","mamba_unet_def_sufl_4","mamba_unet_def_sufl_4","0.2901786267757416"
"Class 5","15","mamba_unet_def_sufl_4","mamba_unet_def_sufl_4","0.47124549746513367"
"Class 6","15","mamba_unet_def_sufl_4","mamba_unet_def_sufl_4","0.47940847277641296"
"Class 7","15","mamba_unet_def_sufl_4","mamba_unet_def_sufl_4","0.3496578335762024"
"Class 8","15","mamba_unet_def_sufl_4","mamba_unet_def_sufl_4","0.8562107086181641"
"Class 9","15","mamba_unet_def_sufl_4","mamba_unet_def_sufl_4","0.581389844417572"
"Class 10","15","mamba_unet_def_sufl_4","mamba_unet_def_sufl_4","0.9551563858985901"
"Class 11","15","mamba_unet_def_sufl_4","mamba_unet_def_sufl_4","0.4158695638179779"
"Class 12","15","mamba_unet_def_sufl_4","mamba_unet_def_sufl_4","0.01911853440105915"
"Class 13","15","mamba_unet_def_sufl_4","mamba_unet_def_sufl_4","0.9078190922737122"
"Class 14","15","mamba_unet_def_sufl_4","mamba_unet_def_sufl_4","0.48333296179771423"
"Class 15","15","mamba_unet_def_sufl_4","mamba_unet_def_sufl_4","0.7431767582893372"
"Class 16","15","mamba_unet_def_sufl_4","mamba_unet_def_sufl_4","0"
"Class 17","15","mamba_unet_def_sufl_4","mamba_unet_def_sufl_4","0.03738081082701683"
"Class 18","15","mamba_unet_def_sufl_4","mamba_unet_def_sufl_4","0.03685816004872322"
"Class 19","15","mamba_unet_def_sufl_4","mamba_unet_def_sufl_4","0.7695461511611938"
"Class 0","14","hmt_unet_def_sufl_4","hmt_unet_def_sufl_4","0.9411582350730896"
"Class 1","14","hmt_unet_def_sufl_4","hmt_unet_def_sufl_4","0.6836782097816467"
"Class 2","14","hmt_unet_def_sufl_4","hmt_unet_def_sufl_4","0.8615021109580994"
"Class 3","14","hmt_unet_def_sufl_4","hmt_unet_def_sufl_4","0.3402079641819"
"Class 4","14","hmt_unet_def_sufl_4","hmt_unet_def_sufl_4","0.33422574400901794"
"Class 5","14","hmt_unet_def_sufl_4","hmt_unet_def_sufl_4","0.4195217490196228"
"Class 6","14","hmt_unet_def_sufl_4","hmt_unet_def_sufl_4","0.4349997043609619"
"Class 7","14","hmt_unet_def_sufl_4","hmt_unet_def_sufl_4","0.35028859972953796"
"Class 8","14","hmt_unet_def_sufl_4","hmt_unet_def_sufl_4","0.8471670746803284"
"Class 9","14","hmt_unet_def_sufl_4","hmt_unet_def_sufl_4","0.5790649056434631"
"Class 10","14","hmt_unet_def_sufl_4","hmt_unet_def_sufl_4","0.947563111782074"
"Class 11","14","hmt_unet_def_sufl_4","hmt_unet_def_sufl_4","0.4325235188007355"
"Class 12","14","hmt_unet_def_sufl_4","hmt_unet_def_sufl_4","0"
"Class 13","14","hmt_unet_def_sufl_4","hmt_unet_def_sufl_4","0.9089645147323608"
"Class 14","14","hmt_unet_def_sufl_4","hmt_unet_def_sufl_4","0.4200848937034607"
"Class 15","14","hmt_unet_def_sufl_4","hmt_unet_def_sufl_4","0.5923585891723633"
"Class 16","14","hmt_unet_def_sufl_4","hmt_unet_def_sufl_4","0"
"Class 17","14","hmt_unet_def_sufl_4","hmt_unet_def_sufl_4","0.017720023170113564"
"Class 18","14","hmt_unet_def_sufl_4","hmt_unet_def_sufl_4","0"
"Class 19","14","hmt_unet_def_sufl_4","hmt_unet_def_sufl_4","0.7621086835861206"
"Class 0","13","swin_unet_def_sufl_4","swin_unet_def_sufl_4","0.937541663646698"
"Class 1","13","swin_unet_def_sufl_4","swin_unet_def_sufl_4","0.6207801103591919"
"Class 2","13","swin_unet_def_sufl_4","swin_unet_def_sufl_4","0.8576827645301819"
"Class 3","13","swin_unet_def_sufl_4","swin_unet_def_sufl_4","0.2604098916053772"
"Class 4","13","swin_unet_def_sufl_4","swin_unet_def_sufl_4","0.29513439536094666"
"Class 5","13","swin_unet_def_sufl_4","swin_unet_def_sufl_4","0.35602977871894836"
"Class 6","13","swin_unet_def_sufl_4","swin_unet_def_sufl_4","0.46096742153167725"
"Class 7","13","swin_unet_def_sufl_4","swin_unet_def_sufl_4","0.3237886130809784"
"Class 8","13","swin_unet_def_sufl_4","swin_unet_def_sufl_4","0.8292275071144104"
"Class 9","13","swin_unet_def_sufl_4","swin_unet_def_sufl_4","0.5059096217155457"
"Class 10","13","swin_unet_def_sufl_4","swin_unet_def_sufl_4","0.9597756862640381"
"Class 11","13","swin_unet_def_sufl_4","swin_unet_def_sufl_4","0.36163705587387085"
"Class 12","13","swin_unet_def_sufl_4","swin_unet_def_sufl_4","0"
"Class 13","13","swin_unet_def_sufl_4","swin_unet_def_sufl_4","0.8887192606925964"
"Class 14","13","swin_unet_def_sufl_4","swin_unet_def_sufl_4","0.3372182846069336"
"Class 15","13","swin_unet_def_sufl_4","swin_unet_def_sufl_4","0.3060234785079956"
"Class 16","13","swin_unet_def_sufl_4","swin_unet_def_sufl_4","0"
"Class 17","13","swin_unet_def_sufl_4","swin_unet_def_sufl_4","0.03721205145120621"
"Class 18","13","swin_unet_def_sufl_4","swin_unet_def_sufl_4","0.05757498741149902"
"Class 19","13","swin_unet_def_sufl_4","swin_unet_def_sufl_4","0.726315975189209"
"Class 0","12","unet_original_def_sufl_4","unet_original_def_sufl_4","0.9410579800605774"
"Class 1","12","unet_original_def_sufl_4","unet_original_def_sufl_4","0.6523176431655884"
"Class 2","12","unet_original_def_sufl_4","unet_original_def_sufl_4","0.8816428184509277"
"Class 3","12","unet_original_def_sufl_4","unet_original_def_sufl_4","0.2315867841243744"
"Class 4","12","unet_original_def_sufl_4","unet_original_def_sufl_4","0.2810596227645874"
"Class 5","12","unet_original_def_sufl_4","unet_original_def_sufl_4","0.43974965810775757"
"Class 6","12","unet_original_def_sufl_4","unet_original_def_sufl_4","0.4901313781738281"
"Class 7","12","unet_original_def_sufl_4","unet_original_def_sufl_4","0.3673878610134125"
"Class 8","12","unet_original_def_sufl_4","unet_original_def_sufl_4","0.8318701386451721"
"Class 9","12","unet_original_def_sufl_4","unet_original_def_sufl_4","0.5347334146499634"
"Class 10","12","unet_original_def_sufl_4","unet_original_def_sufl_4","0.956419825553894"
"Class 11","12","unet_original_def_sufl_4","unet_original_def_sufl_4","0.44572755694389343"
"Class 12","12","unet_original_def_sufl_4","unet_original_def_sufl_4","0.0006037431885488331"
"Class 13","12","unet_original_def_sufl_4","unet_original_def_sufl_4","0.9007729887962341"
"Class 14","12","unet_original_def_sufl_4","unet_original_def_sufl_4","0.4107932448387146"
"Class 15","12","unet_original_def_sufl_4","unet_original_def_sufl_4","0.3753558099269867"
"Class 16","12","unet_original_def_sufl_4","unet_original_def_sufl_4","0"
"Class 17","12","unet_original_def_sufl_4","unet_original_def_sufl_4","0.06269513070583344"
"Class 18","12","unet_original_def_sufl_4","unet_original_def_sufl_4","0.03393492475152016"
"Class 19","12","unet_original_def_sufl_4","unet_original_def_sufl_4","0.7541534304618835"
"Class 0","11","hmt_unet_def_sufl_3","hmt_unet_def_sufl_3","0.9410808086395264"
"Class 1","11","hmt_unet_def_sufl_3","hmt_unet_def_sufl_3","0.6904931664466858"
"Class 2","11","hmt_unet_def_sufl_3","hmt_unet_def_sufl_3","0.8585538864135742"
"Class 3","11","hmt_unet_def_sufl_3","hmt_unet_def_sufl_3","0.28827038407325745"
"Class 4","11","hmt_unet_def_sufl_3","hmt_unet_def_sufl_3","0.31906867027282715"
"Class 5","11","hmt_unet_def_sufl_3","hmt_unet_def_sufl_3","0.4229578971862793"
"Class 6","11","hmt_unet_def_sufl_3","hmt_unet_def_sufl_3","0.42600011825561523"
"Class 7","11","hmt_unet_def_sufl_3","hmt_unet_def_sufl_3","0.3583759665489197"
"Class 8","11","hmt_unet_def_sufl_3","hmt_unet_def_sufl_3","0.8464785218238831"
"Class 9","11","hmt_unet_def_sufl_3","hmt_unet_def_sufl_3","0.5432596802711487"
"Class 10","11","hmt_unet_def_sufl_3","hmt_unet_def_sufl_3","0.9471345543861389"
"Class 11","11","hmt_unet_def_sufl_3","hmt_unet_def_sufl_3","0.4398663640022278"
"Class 12","11","hmt_unet_def_sufl_3","hmt_unet_def_sufl_3","0"
"Class 13","11","hmt_unet_def_sufl_3","hmt_unet_def_sufl_3","0.9105831980705261"
"Class 14","11","hmt_unet_def_sufl_3","hmt_unet_def_sufl_3","0.45945754647254944"
"Class 15","11","hmt_unet_def_sufl_3","hmt_unet_def_sufl_3","0.6264541745185852"
"Class 16","11","hmt_unet_def_sufl_3","hmt_unet_def_sufl_3","0"
"Class 17","11","hmt_unet_def_sufl_3","hmt_unet_def_sufl_3","0.039405956864356995"
"Class 18","11","hmt_unet_def_sufl_3","hmt_unet_def_sufl_3","0"
"Class 19","11","hmt_unet_def_sufl_3","hmt_unet_def_sufl_3","0.7624486684799194"
"Class 0","10","mamba_unet_def_sufl_3","mamba_unet_def_sufl_3","0.9474124312400818"
"Class 1","10","mamba_unet_def_sufl_3","mamba_unet_def_sufl_3","0.7017363905906677"
"Class 2","10","mamba_unet_def_sufl_3","mamba_unet_def_sufl_3","0.878920316696167"
"Class 3","10","mamba_unet_def_sufl_3","mamba_unet_def_sufl_3","0.3016241788864136"
"Class 4","10","mamba_unet_def_sufl_3","mamba_unet_def_sufl_3","0.3026832044124603"
"Class 5","10","mamba_unet_def_sufl_3","mamba_unet_def_sufl_3","0.48719722032546997"
"Class 6","10","mamba_unet_def_sufl_3","mamba_unet_def_sufl_3","0.4689948856830597"
"Class 7","10","mamba_unet_def_sufl_3","mamba_unet_def_sufl_3","0.39300650358200073"
"Class 8","10","mamba_unet_def_sufl_3","mamba_unet_def_sufl_3","0.8524354100227356"
"Class 9","10","mamba_unet_def_sufl_3","mamba_unet_def_sufl_3","0.5260016918182373"
"Class 10","10","mamba_unet_def_sufl_3","mamba_unet_def_sufl_3","0.9540784358978271"
"Class 11","10","mamba_unet_def_sufl_3","mamba_unet_def_sufl_3","0.45981043577194214"
"Class 12","10","mamba_unet_def_sufl_3","mamba_unet_def_sufl_3","0.02274099364876747"
"Class 13","10","mamba_unet_def_sufl_3","mamba_unet_def_sufl_3","0.8993203639984131"
"Class 14","10","mamba_unet_def_sufl_3","mamba_unet_def_sufl_3","0.4700692892074585"
"Class 15","10","mamba_unet_def_sufl_3","mamba_unet_def_sufl_3","0.5994592308998108"
"Class 16","10","mamba_unet_def_sufl_3","mamba_unet_def_sufl_3","0"
"Class 17","10","mamba_unet_def_sufl_3","mamba_unet_def_sufl_3","0.056872837245464325"
"Class 18","10","mamba_unet_def_sufl_3","mamba_unet_def_sufl_3","0.010421962477266788"
"Class 19","10","mamba_unet_def_sufl_3","mamba_unet_def_sufl_3","0.7522268891334534"
"Class 0","9","swin_unet_def_sufl_3","swin_unet_def_sufl_3","0.9255061149597168"
"Class 1","9","swin_unet_def_sufl_3","swin_unet_def_sufl_3","0.5865341424942017"
"Class 2","9","swin_unet_def_sufl_3","swin_unet_def_sufl_3","0.8456918597221375"
"Class 3","9","swin_unet_def_sufl_3","swin_unet_def_sufl_3","0.1813785880804062"
"Class 4","9","swin_unet_def_sufl_3","swin_unet_def_sufl_3","0.24129459261894226"
"Class 5","9","swin_unet_def_sufl_3","swin_unet_def_sufl_3","0.2909092903137207"
"Class 6","9","swin_unet_def_sufl_3","swin_unet_def_sufl_3","0.4038914740085602"
"Class 7","9","swin_unet_def_sufl_3","swin_unet_def_sufl_3","0.25578904151916504"
"Class 8","9","swin_unet_def_sufl_3","swin_unet_def_sufl_3","0.812919020652771"
"Class 9","9","swin_unet_def_sufl_3","swin_unet_def_sufl_3","0.45333370566368103"
"Class 10","9","swin_unet_def_sufl_3","swin_unet_def_sufl_3","0.9620580077171326"
"Class 11","9","swin_unet_def_sufl_3","swin_unet_def_sufl_3","0.2754766345024109"
"Class 12","9","swin_unet_def_sufl_3","swin_unet_def_sufl_3","0"
"Class 13","9","swin_unet_def_sufl_3","swin_unet_def_sufl_3","0.8671299815177917"
"Class 14","9","swin_unet_def_sufl_3","swin_unet_def_sufl_3","0.31051018834114075"
"Class 15","9","swin_unet_def_sufl_3","swin_unet_def_sufl_3","0.14481434226036072"
"Class 16","9","swin_unet_def_sufl_3","swin_unet_def_sufl_3","0"
"Class 17","9","swin_unet_def_sufl_3","swin_unet_def_sufl_3","0"
"Class 18","9","swin_unet_def_sufl_3","swin_unet_def_sufl_3","0.008261311799287796"
"Class 19","9","swin_unet_def_sufl_3","swin_unet_def_sufl_3","0.7261133790016174"
"Class 0","8","unet_original_def_sufl_3","unet_original_def_sufl_3","0.942185640335083"
"Class 1","8","unet_original_def_sufl_3","unet_original_def_sufl_3","0.6343566179275513"
"Class 2","8","unet_original_def_sufl_3","unet_original_def_sufl_3","0.857381284236908"
"Class 3","8","unet_original_def_sufl_3","unet_original_def_sufl_3","0.24544426798820496"
"Class 4","8","unet_original_def_sufl_3","unet_original_def_sufl_3","0.3029506802558899"
"Class 5","8","unet_original_def_sufl_3","unet_original_def_sufl_3","0.4224143922328949"
"Class 6","8","unet_original_def_sufl_3","unet_original_def_sufl_3","0.46896541118621826"
"Class 7","8","unet_original_def_sufl_3","unet_original_def_sufl_3","0.34021392464637756"
"Class 8","8","unet_original_def_sufl_3","unet_original_def_sufl_3","0.8465902805328369"
"Class 9","8","unet_original_def_sufl_3","unet_original_def_sufl_3","0.5271401405334473"
"Class 10","8","unet_original_def_sufl_3","unet_original_def_sufl_3","0.9584137797355652"
"Class 11","8","unet_original_def_sufl_3","unet_original_def_sufl_3","0.3359915614128113"
"Class 12","8","unet_original_def_sufl_3","unet_original_def_sufl_3","0.010867377743124962"
"Class 13","8","unet_original_def_sufl_3","unet_original_def_sufl_3","0.9099563956260681"
"Class 14","8","unet_original_def_sufl_3","unet_original_def_sufl_3","0.4257502555847168"
"Class 15","8","unet_original_def_sufl_3","unet_original_def_sufl_3","0.4500548541545868"
"Class 16","8","unet_original_def_sufl_3","unet_original_def_sufl_3","0"
"Class 17","8","unet_original_def_sufl_3","unet_original_def_sufl_3","0.12032739818096161"
"Class 18","8","unet_original_def_sufl_3","unet_original_def_sufl_3","0.15238942205905914"
"Class 19","8","unet_original_def_sufl_3","unet_original_def_sufl_3","0.7515249252319336"
"Class 0","7","hmt_unet_def_sufl_2","hmt_unet_def_sufl_2","0.9400808811187744"
"Class 1","7","hmt_unet_def_sufl_2","hmt_unet_def_sufl_2","0.6835896968841553"
"Class 2","7","hmt_unet_def_sufl_2","hmt_unet_def_sufl_2","0.8551228046417236"
"Class 3","7","hmt_unet_def_sufl_2","hmt_unet_def_sufl_2","0.3111386001110077"
"Class 4","7","hmt_unet_def_sufl_2","hmt_unet_def_sufl_2","0.357548326253891"
"Class 5","7","hmt_unet_def_sufl_2","hmt_unet_def_sufl_2","0.4066520631313324"
"Class 6","7","hmt_unet_def_sufl_2","hmt_unet_def_sufl_2","0.44531020522117615"
"Class 7","7","hmt_unet_def_sufl_2","hmt_unet_def_sufl_2","0.34572649002075195"
"Class 8","7","hmt_unet_def_sufl_2","hmt_unet_def_sufl_2","0.84903883934021"
"Class 9","7","hmt_unet_def_sufl_2","hmt_unet_def_sufl_2","0.5528064370155334"
"Class 10","7","hmt_unet_def_sufl_2","hmt_unet_def_sufl_2","0.9565410614013672"
"Class 11","7","hmt_unet_def_sufl_2","hmt_unet_def_sufl_2","0.4507244825363159"
"Class 12","7","hmt_unet_def_sufl_2","hmt_unet_def_sufl_2","0"
"Class 13","7","hmt_unet_def_sufl_2","hmt_unet_def_sufl_2","0.9129173755645752"
"Class 14","7","hmt_unet_def_sufl_2","hmt_unet_def_sufl_2","0.42841005325317383"
"Class 15","7","hmt_unet_def_sufl_2","hmt_unet_def_sufl_2","0.6600679755210876"
"Class 16","7","hmt_unet_def_sufl_2","hmt_unet_def_sufl_2","0"
"Class 17","7","hmt_unet_def_sufl_2","hmt_unet_def_sufl_2","0.008944393135607243"
"Class 18","7","hmt_unet_def_sufl_2","hmt_unet_def_sufl_2","0"
"Class 19","7","hmt_unet_def_sufl_2","hmt_unet_def_sufl_2","0.7661106586456299"
"Class 0","6","swin_unet_def_sufl_2","swin_unet_def_sufl_2","0.934853732585907"
"Class 1","6","swin_unet_def_sufl_2","swin_unet_def_sufl_2","0.6098324060440063"
"Class 2","6","swin_unet_def_sufl_2","swin_unet_def_sufl_2","0.8496745824813843"
"Class 3","6","swin_unet_def_sufl_2","swin_unet_def_sufl_2","0.2007768303155899"
"Class 4","6","swin_unet_def_sufl_2","swin_unet_def_sufl_2","0.27949684858322144"
"Class 5","6","swin_unet_def_sufl_2","swin_unet_def_sufl_2","0.3348877429962158"
"Class 6","6","swin_unet_def_sufl_2","swin_unet_def_sufl_2","0.4421139359474182"
"Class 7","6","swin_unet_def_sufl_2","swin_unet_def_sufl_2","0.3024555742740631"
"Class 8","6","swin_unet_def_sufl_2","swin_unet_def_sufl_2","0.8216341733932495"
"Class 9","6","swin_unet_def_sufl_2","swin_unet_def_sufl_2","0.5182926654815674"
"Class 10","6","swin_unet_def_sufl_2","swin_unet_def_sufl_2","0.9607968926429749"
"Class 11","6","swin_unet_def_sufl_2","swin_unet_def_sufl_2","0.33427751064300537"
"Class 12","6","swin_unet_def_sufl_2","swin_unet_def_sufl_2","0"
"Class 13","6","swin_unet_def_sufl_2","swin_unet_def_sufl_2","0.8753485679626465"
"Class 14","6","swin_unet_def_sufl_2","swin_unet_def_sufl_2","0.3156883716583252"
"Class 15","6","swin_unet_def_sufl_2","swin_unet_def_sufl_2","0.22044530510902405"
"Class 16","6","swin_unet_def_sufl_2","swin_unet_def_sufl_2","0"
"Class 17","6","swin_unet_def_sufl_2","swin_unet_def_sufl_2","0.0011813349556177855"
"Class 18","6","swin_unet_def_sufl_2","swin_unet_def_sufl_2","0.04181494563817978"
"Class 19","6","swin_unet_def_sufl_2","swin_unet_def_sufl_2","0.7302241921424866"
"Class 0","5","mamba_unet_def_sufl_2","mamba_unet_def_sufl_2","0.9425929188728333"
"Class 1","5","mamba_unet_def_sufl_2","mamba_unet_def_sufl_2","0.6942243576049805"
"Class 2","5","mamba_unet_def_sufl_2","mamba_unet_def_sufl_2","0.8697087168693542"
"Class 3","5","mamba_unet_def_sufl_2","mamba_unet_def_sufl_2","0.28087711334228516"
"Class 4","5","mamba_unet_def_sufl_2","mamba_unet_def_sufl_2","0.31776347756385803"
"Class 5","5","mamba_unet_def_sufl_2","mamba_unet_def_sufl_2","0.45180609822273254"
"Class 6","5","mamba_unet_def_sufl_2","mamba_unet_def_sufl_2","0.4853001832962036"
"Class 7","5","mamba_unet_def_sufl_2","mamba_unet_def_sufl_2","0.3695133626461029"
"Class 8","5","mamba_unet_def_sufl_2","mamba_unet_def_sufl_2","0.8619973063468933"
"Class 9","5","mamba_unet_def_sufl_2","mamba_unet_def_sufl_2","0.5599386692047119"
"Class 10","5","mamba_unet_def_sufl_2","mamba_unet_def_sufl_2","0.9494848251342773"
"Class 11","5","mamba_unet_def_sufl_2","mamba_unet_def_sufl_2","0.5099829435348511"
"Class 12","5","mamba_unet_def_sufl_2","mamba_unet_def_sufl_2","0.017307305708527565"
"Class 13","5","mamba_unet_def_sufl_2","mamba_unet_def_sufl_2","0.9107692837715149"
"Class 14","5","mamba_unet_def_sufl_2","mamba_unet_def_sufl_2","0.4119149148464203"
"Class 15","5","mamba_unet_def_sufl_2","mamba_unet_def_sufl_2","0.7134461402893066"
"Class 16","5","mamba_unet_def_sufl_2","mamba_unet_def_sufl_2","0"
"Class 17","5","mamba_unet_def_sufl_2","mamba_unet_def_sufl_2","0.06050122529268265"
"Class 18","5","mamba_unet_def_sufl_2","mamba_unet_def_sufl_2","0.07473309338092804"
"Class 19","5","mamba_unet_def_sufl_2","mamba_unet_def_sufl_2","0.7730239629745483"
"Class 0","4","unet_original_def_sufl_2","unet_original_def_sufl_2","0.94327712059021"
"Class 1","4","unet_original_def_sufl_2","unet_original_def_sufl_2","0.669551432132721"
"Class 2","4","unet_original_def_sufl_2","unet_original_def_sufl_2","0.8622578382492065"
"Class 3","4","unet_original_def_sufl_2","unet_original_def_sufl_2","0.25820478796958923"
"Class 4","4","unet_original_def_sufl_2","unet_original_def_sufl_2","0.31288450956344604"
"Class 5","4","unet_original_def_sufl_2","unet_original_def_sufl_2","0.4270096719264984"
"Class 6","4","unet_original_def_sufl_2","unet_original_def_sufl_2","0.4828551113605499"
"Class 7","4","unet_original_def_sufl_2","unet_original_def_sufl_2","0.32971590757369995"
"Class 8","4","unet_original_def_sufl_2","unet_original_def_sufl_2","0.8313148021697998"
"Class 9","4","unet_original_def_sufl_2","unet_original_def_sufl_2","0.5265829563140869"
"Class 10","4","unet_original_def_sufl_2","unet_original_def_sufl_2","0.9540423154830933"
"Class 11","4","unet_original_def_sufl_2","unet_original_def_sufl_2","0.40373316407203674"
"Class 12","4","unet_original_def_sufl_2","unet_original_def_sufl_2","0.008854900486767292"
"Class 13","4","unet_original_def_sufl_2","unet_original_def_sufl_2","0.9235206842422485"
"Class 14","4","unet_original_def_sufl_2","unet_original_def_sufl_2","0.3440210223197937"
"Class 15","4","unet_original_def_sufl_2","unet_original_def_sufl_2","0.47844457626342773"
"Class 16","4","unet_original_def_sufl_2","unet_original_def_sufl_2","0"
"Class 17","4","unet_original_def_sufl_2","unet_original_def_sufl_2","0.08218716084957123"
"Class 18","4","unet_original_def_sufl_2","unet_original_def_sufl_2","0.17628368735313416"
"Class 19","4","unet_original_def_sufl_2","unet_original_def_sufl_2","0.7545087337493896"
"Class 0","3","hmt_unet_def_sufl_1","hmt_unet_def_sufl_1","0.9433209300041199"
"Class 1","3","hmt_unet_def_sufl_1","hmt_unet_def_sufl_1","0.6857295036315918"
"Class 2","3","hmt_unet_def_sufl_1","hmt_unet_def_sufl_1","0.8570435047149658"
"Class 3","3","hmt_unet_def_sufl_1","hmt_unet_def_sufl_1","0.3885188698768616"
"Class 4","3","hmt_unet_def_sufl_1","hmt_unet_def_sufl_1","0.34830549359321594"
"Class 5","3","hmt_unet_def_sufl_1","hmt_unet_def_sufl_1","0.4263405501842499"
"Class 6","3","hmt_unet_def_sufl_1","hmt_unet_def_sufl_1","0.4307282269001007"
"Class 7","3","hmt_unet_def_sufl_1","hmt_unet_def_sufl_1","0.36025092005729675"
"Class 8","3","hmt_unet_def_sufl_1","hmt_unet_def_sufl_1","0.8542482256889343"
"Class 9","3","hmt_unet_def_sufl_1","hmt_unet_def_sufl_1","0.5690003037452698"
"Class 10","3","hmt_unet_def_sufl_1","hmt_unet_def_sufl_1","0.9463669061660767"
"Class 11","3","hmt_unet_def_sufl_1","hmt_unet_def_sufl_1","0.4169517457485199"
"Class 12","3","hmt_unet_def_sufl_1","hmt_unet_def_sufl_1","0"
"Class 13","3","hmt_unet_def_sufl_1","hmt_unet_def_sufl_1","0.9058170318603516"
"Class 14","3","hmt_unet_def_sufl_1","hmt_unet_def_sufl_1","0.4455966651439667"
"Class 15","3","hmt_unet_def_sufl_1","hmt_unet_def_sufl_1","0.5321429371833801"
"Class 16","3","hmt_unet_def_sufl_1","hmt_unet_def_sufl_1","0"
"Class 17","3","hmt_unet_def_sufl_1","hmt_unet_def_sufl_1","0.042865581810474396"
"Class 18","3","hmt_unet_def_sufl_1","hmt_unet_def_sufl_1","0"
"Class 19","3","hmt_unet_def_sufl_1","hmt_unet_def_sufl_1","0.7636656165122986"
"Class 0","2","swin_unet_def_sufl_1","swin_unet_def_sufl_1","0.9344916343688965"
"Class 1","2","swin_unet_def_sufl_1","swin_unet_def_sufl_1","0.5929155349731445"
"Class 2","2","swin_unet_def_sufl_1","swin_unet_def_sufl_1","0.8528532981872559"
"Class 3","2","swin_unet_def_sufl_1","swin_unet_def_sufl_1","0.21986165642738342"
"Class 4","2","swin_unet_def_sufl_1","swin_unet_def_sufl_1","0.2605331838130951"
"Class 5","2","swin_unet_def_sufl_1","swin_unet_def_sufl_1","0.32065922021865845"
"Class 6","2","swin_unet_def_sufl_1","swin_unet_def_sufl_1","0.41454073786735535"
"Class 7","2","swin_unet_def_sufl_1","swin_unet_def_sufl_1","0.3109922707080841"
"Class 8","2","swin_unet_def_sufl_1","swin_unet_def_sufl_1","0.8259015083312988"
"Class 9","2","swin_unet_def_sufl_1","swin_unet_def_sufl_1","0.5194966197013855"
"Class 10","2","swin_unet_def_sufl_1","swin_unet_def_sufl_1","0.9609923958778381"
"Class 11","2","swin_unet_def_sufl_1","swin_unet_def_sufl_1","0.32911354303359985"
"Class 12","2","swin_unet_def_sufl_1","swin_unet_def_sufl_1","0"
"Class 13","2","swin_unet_def_sufl_1","swin_unet_def_sufl_1","0.8781810402870178"
"Class 14","2","swin_unet_def_sufl_1","swin_unet_def_sufl_1","0.29192882776260376"
"Class 15","2","swin_unet_def_sufl_1","swin_unet_def_sufl_1","0.2386849969625473"
"Class 16","2","swin_unet_def_sufl_1","swin_unet_def_sufl_1","0"
"Class 17","2","swin_unet_def_sufl_1","swin_unet_def_sufl_1","0.00033752425224520266"
"Class 18","2","swin_unet_def_sufl_1","swin_unet_def_sufl_1","0.022496186196804047"
"Class 19","2","swin_unet_def_sufl_1","swin_unet_def_sufl_1","0.7245177626609802"
"Class 0","1","mamba_unet_def_sufl_1","mamba_unet_def_sufl_1","0.9408798217773438"
"Class 1","1","mamba_unet_def_sufl_1","mamba_unet_def_sufl_1","0.6642948985099792"
"Class 2","1","mamba_unet_def_sufl_1","mamba_unet_def_sufl_1","0.8756853342056274"
"Class 3","1","mamba_unet_def_sufl_1","mamba_unet_def_sufl_1","0.28702232241630554"
"Class 4","1","mamba_unet_def_sufl_1","mamba_unet_def_sufl_1","0.2936682105064392"
"Class 5","1","mamba_unet_def_sufl_1","mamba_unet_def_sufl_1","0.48843252658843994"
"Class 6","1","mamba_unet_def_sufl_1","mamba_unet_def_sufl_1","0.47693395614624023"
"Class 7","1","mamba_unet_def_sufl_1","mamba_unet_def_sufl_1","0.3827417492866516"
"Class 8","1","mamba_unet_def_sufl_1","mamba_unet_def_sufl_1","0.8557090759277344"
"Class 9","1","mamba_unet_def_sufl_1","mamba_unet_def_sufl_1","0.5781078338623047"
"Class 10","1","mamba_unet_def_sufl_1","mamba_unet_def_sufl_1","0.9543941020965576"
"Class 11","1","mamba_unet_def_sufl_1","mamba_unet_def_sufl_1","0.5181246995925903"
"Class 12","1","mamba_unet_def_sufl_1","mamba_unet_def_sufl_1","0.01931978203356266"
"Class 13","1","mamba_unet_def_sufl_1","mamba_unet_def_sufl_1","0.9108240008354187"
"Class 14","1","mamba_unet_def_sufl_1","mamba_unet_def_sufl_1","0.4829086661338806"
"Class 15","1","mamba_unet_def_sufl_1","mamba_unet_def_sufl_1","0.6566983461380005"
"Class 16","1","mamba_unet_def_sufl_1","mamba_unet_def_sufl_1","0"
"Class 17","1","mamba_unet_def_sufl_1","mamba_unet_def_sufl_1","0.08235591650009155"
"Class 18","1","mamba_unet_def_sufl_1","mamba_unet_def_sufl_1","0.031138790771365166"
"Class 19","1","mamba_unet_def_sufl_1","mamba_unet_def_sufl_1","0.7650082111358643"
"Class 0","0","unet_original_def_sufl_1","unet_original_def_sufl_1","0.9419085383415222"
"Class 1","0","unet_original_def_sufl_1","unet_original_def_sufl_1","0.6451293230056763"
"Class 2","0","unet_original_def_sufl_1","unet_original_def_sufl_1","0.8668468594551086"
"Class 3","0","unet_original_def_sufl_1","unet_original_def_sufl_1","0.2436477243900299"
"Class 4","0","unet_original_def_sufl_1","unet_original_def_sufl_1","0.2593939006328583"
"Class 5","0","unet_original_def_sufl_1","unet_original_def_sufl_1","0.43364113569259644"
"Class 6","0","unet_original_def_sufl_1","unet_original_def_sufl_1","0.49569904804229736"
"Class 7","0","unet_original_def_sufl_1","unet_original_def_sufl_1","0.3440934419631958"
"Class 8","0","unet_original_def_sufl_1","unet_original_def_sufl_1","0.8471346497535706"
"Class 9","0","unet_original_def_sufl_1","unet_original_def_sufl_1","0.515264093875885"
"Class 10","0","unet_original_def_sufl_1","unet_original_def_sufl_1","0.9578379392623901"
"Class 11","0","unet_original_def_sufl_1","unet_original_def_sufl_1","0.394008070230484"
"Class 12","0","unet_original_def_sufl_1","unet_original_def_sufl_1","0.09297645092010498"
"Class 13","0","unet_original_def_sufl_1","unet_original_def_sufl_1","0.9089012742042542"
"Class 14","0","unet_original_def_sufl_1","unet_original_def_sufl_1","0.3973782956600189"
"Class 15","0","unet_original_def_sufl_1","unet_original_def_sufl_1","0.5151870846748352"
"Class 16","0","unet_original_def_sufl_1","unet_original_def_sufl_1","0"
"Class 17","0","unet_original_def_sufl_1","unet_original_def_sufl_1","0.13281579315662384"
"Class 18","0","unet_original_def_sufl_1","unet_original_def_sufl_1","0.23576512932777405"
"Class 19","0","unet_original_def_sufl_1","unet_original_def_sufl_1","0.7652658820152283"